기간,01시,02시,03시,04시,05시,06시,07시,08시,09시,10시,11시,12시,13시,14시,15시,16시,17시,18시,19시,20시,21시,22시,23시,24시,최대,최소,가중평균
2025/05/31,121.41,110.88,103.66,84.77,85.31,105.05,110.86,111.04,111.04,111.32,112.29,112.13,112.13,135.06,129.04,129.05,133.66,130.42,132.11,129.1,128.86,128.95,112.7,112.7,135.06,84.77,116.69
2025/05/30,139.86,110.77,110.77,110.78,110.77,110.71,129.83,130.04,130.13,134.24,132.53,132.53,132.53,132.53,132.53,149.48,132.53,132.53,132.53,132.47,129.93,129.16,129.16,129.69,149.48,110.71,128.71
2025/05/29,111.68,110.53,110.52,105.61,110.5,110.55,117.25,127,129.43,128.61,137.07,137.06,135.31,137.04,144.22,144.22,137.04,135.71,133.93,130.84,131.4,131.4,127.35,127.32,144.22,105.61,127.76
2025/05/28,126.07,110.71,110.71,110.63,110.71,110.8,126.59,127.59,129.52,131.75,148.5,140.75,135.1,140.68,140.74,146.85,144.43,144.8,141.65,140.67,140.66,129.33,128.83,128.77,148.5,110.63,131.93
2025/05/27,144.43,104.97,104.97,98.27,104.5,108.74,125.8,130.57,130.01,133.45,141.98,146.89,139.52,141.2,141.45,146.88,142.09,140.91,139.45,133.41,133.4,133.42,133.37,133.38,146.89,98.27,131.31
2025/05/26,118.35,108.6,84.23,84.23,84.23,100.08,111.11,111.99,146.07,134.43,138.33,138.24,135.76,138.24,138.25,146.48,137.36,151.38,135.02,134.39,152.96,130.56,134.35,134.36,152.96,84.23,128.2
2025/05/25,145.27,111.85,112.01,104.99,111.85,111.85,112.48,111.66,107.61,107.87,113.41,111.97,112.85,125.75,125.75,125.75,125.75,152.18,152.16,146.89,146.87,143.55,143.69,112.27,152.18,104.99,125.39
2025/05/24,142.92,142.92,107.36,92.52,92.52,107.21,108.78,109.47,129.83,130.16,130.81,130.8,130.8,130.79,130.3,130.51,130.27,141.12,141.12,141.15,141.15,141.16,141.12,141.12,142.92,92.52,128.19
2025/05/23,144.43,108.51,101.46,101.46,101.46,108.5,127.43,134.27,139.09,145.57,145.58,145.59,131.64,145.59,145.59,145.9,134.88,134.91,145.57,145.59,138.55,138.55,138.55,138.55,145.9,101.46,133.82
2025/05/22,131.46,131.47,129.91,108.23,129.41,129.92,136.08,132.4,140.53,140.53,153.27,153.3,140.32,153.25,153.25,153.24,140.53,140.53,140.53,140.53,140.53,140.53,137.88,134.06,153.3,108.23,139.54
2025/05/21,144.43,130.85,100.58,100.58,100.58,100.58,100.58,126.05,132.04,146.73,146.71,141.31,138.87,146.44,149.72,149.72,141.85,141.85,141.92,142.2,142.06,141.87,139.47,139.5,149.72,100.58,134.22
2025/05/20,144.43,103.25,102.61,89.41,89.62,98.27,103.25,127.27,134.91,137.55,143.87,135.01,134.98,134.95,134.94,134.96,134.9,137.1,151.9,151.96,149.44,141.18,141.18,141.18,151.96,89.41,130.49
2025/05/19,109.15,90.73,88.77,86.79,87.58,89.94,109.15,109.89,125.02,145.27,130.69,130.19,125.01,125.01,126.64,144.86,128.74,128.7,155.68,155.7,146.79,129.54,129.1,128.73,155.7,86.79,123.81
2025/05/18,108.76,84.13,84,84,87.2,109.74,110.33,110.08,110.82,109.85,110.52,110.48,110.38,110.38,107.32,110.38,110.48,133.16,133.39,133.58,133.28,133.28,133.2,125.03,133.58,84,113.16
2025/05/17,120.45,108.55,84.95,82.93,82.93,85.45,108.08,109.18,125.26,129.06,136.85,136.85,136.79,136.85,131.22,131.14,127.89,127.48,128.1,128.22,130.19,127.68,128.48,109.67,136.85,82.93,119.18
2025/05/16,108.51,107.67,104.81,108.51,107.68,111.35,109.28,127.44,132.57,145.65,145.62,145.58,137.62,145.58,198.84,146.23,144.24,132.64,132.62,130.27,131.89,130.19,129.71,128.54,198.84,104.81,132.35
2025/05/15,127.69,101.9,100.08,99.6,98.27,100.08,122.98,129.08,129.08,134.23,134.23,134.23,134.16,134.23,136.41,134.21,134.18,131.9,129.45,129.44,129.43,129.63,128.91,127.5,136.41,98.27,125.64
2025/05/14,129.44,105.52,103.71,105.52,107.54,108.28,126.1,130.63,128.67,131.8,136.52,136.5,132.41,135.94,136.47,148.28,140.32,134.63,131.81,131.86,131.8,130.63,128.74,127.31,148.28,103.71,127.96
2025/05/13,109.04,107.57,103.71,89.32,91.8,116.32,125.27,130.81,129.41,129.69,139.63,139.62,132.61,132.64,139.32,139.6,139.6,139.32,132.63,132.64,130.81,131.38,126.25,126.22,139.63,89.32,126.32
2025/05/12,114.38,107.58,84.74,84.74,108.79,110.79,111.59,130.64,130.65,131.85,134.51,134.13,129.54,134.13,134.13,134.13,134.13,131.92,130.72,131.87,130.72,129.44,129.44,127.75,134.51,84.74,124.45
2025/05/11,100.25,83.8,82.79,82.28,83.29,82.83,82.27,79.75,112.8,113.6,130.88,130.14,113.57,113.15,107.26,108.77,107.73,113.08,128.28,131.51,128.28,130.92,113.75,111.71,131.51,79.75,107.53
2025/05/10,129.88,110.88,110.63,110.5,84.78,110.58,110.91,111.31,131.07,131.07,131.67,131.67,131.67,131.67,131.59,131.88,128.18,127.58,127.53,128.13,131.84,129.82,124.9,110.92,131.88,84.78,122.89
2025/05/09,111.93,111.39,108.89,93.63,93.63,108.89,112.45,112.38,129.29,136.66,144.74,136.55,130.64,143.96,129.29,129.21,127.02,128.91,127.03,127.02,126.54,112.38,110.55,110.16,144.74,93.63,122.04
2025/05/08,111.32,111.19,100.55,100.55,99.43,111.27,129.15,126.97,127.14,130.65,145.27,144.97,126.79,132.35,132.42,132.41,132.42,132.24,131.84,131.86,126.63,131.83,129.44,111.94,145.27,99.43,124.99
2025/05/07,113.26,107.65,94.03,91.45,93.95,94.32,110.57,122.04,128.83,131.06,140.89,131.05,131.05,130.86,128.31,128.31,130.64,143.79,129.23,128.23,129.4,125.6,125.68,118.75,143.79,91.45,122.31
2025/05/06,111.28,107.55,93.79,93.83,93.88,109.99,110.81,119.12,130.86,130.84,130.89,130.89,127.48,130.9,129.9,130.13,127.48,127.48,128.98,130.13,130.13,129.58,120.26,118.94,130.9,93.79,121.3
2025/05/05,110.46,109.77,109.76,94.38,109.74,109.76,110.25,110.33,110.44,118.24,118.73,121.18,125.46,130.9,129.52,130.9,129.01,128.85,129.18,131.46,129.04,131.45,131.45,118.72,131.46,94.38,120.42
2025/05/04,110.94,110.39,109.91,94.38,110.72,112.43,112.43,130.91,129.73,129.38,112.15,111.66,110.6,111.66,111.66,119.12,118.49,119.12,130.08,130.91,130.07,129.64,119.14,119.14,130.91,94.38,118.16
2025/05/03,131.08,109.81,103.3,101.52,102.43,109.73,110.11,118.61,130.64,129.77,130.56,128.19,128.18,130.19,128.16,127.72,131.13,124.84,124.84,130.19,130.19,129.59,119.73,118.73,131.13,101.52,122.37
2025/05/02,130.63,110.44,109.8,106.28,109.98,129.3,118.66,130.58,129.82,130.66,131.86,131.87,129.93,129.94,129.94,129.94,129.93,129.89,131.87,129.94,129.98,126.41,125.9,124.4,131.87,106.28,125.93
2025/05/01,125.64,110.01,105.66,103.1,103.1,110.22,110.71,110.93,121.78,120.16,121.78,121.78,128.72,131.89,131.64,131.35,130.56,121.78,119.94,119.94,119.68,118.7,126.56,111.18,131.89,103.1,119.2
2025/04/30,113.64,98.73,98.13,98.16,99.22,114.36,116.47,137.84,135.99,139.52,157.28,139.5,139.47,139.5,139.5,146.97,139.38,139.31,138.34,138.34,133.79,129.1,138.34,139.29,157.28,98.13,130.14
2025/04/29,115.55,98.46,98.25,97.5,98.46,113.97,116.29,139.34,136.68,139.36,161.24,147.13,136.12,137.08,139.33,139.33,139.33,136.48,115.8,117.31,115.8,115.8,115.8,115.8,161.24,97.5,124.4
2025/04/28,93.69,84.24,84.24,84.24,84.24,88.67,99.71,115.81,138.34,136.65,139.28,145.51,136.09,136.63,136.93,157.47,137.21,135.92,116.75,116.75,116.29,99.96,100,100.05,157.47,84.24,116.98
2025/04/27,99.56,85.05,92.94,84.91,92.84,99.3,99.67,96.39,100.03,99.88,100.27,99.88,99.6,100.21,100.21,100.27,99.55,99.77,100.34,100.4,100.4,100.46,100.52,100.52,100.52,84.91,98.05
2025/04/26,111.73,98.42,93.43,93.43,110.81,114.9,115.84,111.16,111.3,111.58,115.44,115.23,112.51,112.51,115.84,117.13,112.11,116.35,115.84,115.84,115.84,115.84,115.84,115.84,117.13,93.43,111.85
2025/04/25,99.19,97.85,97.94,95.19,99.18,115.71,116.88,115.72,137.87,137.86,139.26,138.34,137.86,137.86,137.86,137.86,137.86,138.07,134.98,135,134.41,133.04,133.04,118.78,139.26,95.19,125.74
2025/04/24,114.15,98.53,97.52,97.52,98.92,115.55,132.89,132.88,137.63,137.3,139.28,154.69,137.3,139.28,138,139.28,137.3,145.98,146.86,146.96,135,132.89,118.64,118.17,154.69,97.52,129.54
2025/04/23,99.26,97.96,92.24,97.69,99.27,129.37,133.38,133.59,137.89,141.7,141.7,141.7,141.62,138.07,138.07,139.48,137.32,161.96,137.34,135.41,134.88,133.59,129.37,129.37,161.96,92.24,129.93
2025/04/22,113.74,84.96,84.96,84.96,84.96,94.7,98.42,116.93,137.92,145.44,148.05,148.05,138.96,148.65,166.11,166.11,141.09,141.09,141.1,137.54,137.91,137.93,137.42,120.67,166.11,84.96,129.93
2025/04/21,102.86,92.94,92.94,92.94,93.24,115.22,116.68,117.69,137.69,137.3,157.6,138.15,137.09,137.09,137.09,139.33,137.09,137.09,137.39,137.39,136.83,134.4,117.83,117.83,157.6,92.94,126.13
2025/04/20,99.84,99.47,84.9,92.38,99.49,100.2,100.2,99.61,81.09,99.82,113.38,99.82,0,99.64,99.7,99.95,99.91,99.6,100.15,111.91,111.91,111.91,111.91,111.87,113.38,0,98.29
2025/04/19,98.95,98.95,98.36,98.27,98.36,98.36,113.41,112.74,112.8,97.93,98.36,98.07,98.02,100.43,113.79,100.49,99.44,99.92,100.58,100.64,100.64,100.7,100.7,100.7,113.79,97.93,101.68
2025/04/18,112.96,98.75,111.76,111.76,115.76,116.2,116.2,139.34,142.17,142.17,183.32,154.69,137.27,137.27,137.27,137.27,137.27,137.6,135.76,137.2,135.21,132.72,118.17,118.37,183.32,98.75,131.13
2025/04/17,115.1,99.25,98.73,98.35,98.93,113.06,116.2,135.06,142.18,142.33,142.33,142.32,142.01,139.35,139.33,154.08,137.87,137.67,137.03,136.95,137.45,136.12,137.18,132.58,154.08,98.35,130.26
2025/04/16,146.1,116,100.15,109.05,116.19,136.03,136.46,138.06,138.46,159.97,162.07,144.57,138.39,144.53,144.5,161.65,138.42,138.36,138.29,138.29,138.22,138.07,138.07,137.79,162.07,100.15,137.75
2025/04/15,117.35,116.19,108.84,108.68,109.21,134.66,135.09,135.17,139.34,137.29,139.35,137.28,136.98,137.13,137.24,137.28,137.28,137.13,137.29,155.4,155.4,153.15,153.14,152.58,155.4,108.68,136
2025/04/14,93.31,83.85,83.85,83.85,83.85,103.49,98.12,117.01,159.72,154.18,159.72,152.9,139.14,152.9,161.86,154.34,148.21,148.21,148.26,148.24,137.99,137.94,137.91,137.91,161.86,83.85,133.77
2025/04/13,114.77,98.16,84.98,86.61,99.42,117.07,117.07,115.61,98.4,98.65,99.54,99.01,99.04,99.09,98.72,99.4,99.21,99.4,118.63,118.63,118.63,118.63,118.63,116.17,118.63,84.98,106.36
2025/04/12,129.4,98.55,93.69,92.25,92.58,98.55,98.9,99.23,99.26,111.23,139.87,139.86,139.86,139.87,139.86,156.66,134.49,129.4,129.4,129.4,129.4,129.4,129.4,129.4,156.66,92.25,121.66
2025/04/11,115.35,99.11,98.29,98.32,99.12,115.67,138.96,139.09,139.89,140.03,144.65,139.5,133.39,133.38,133.38,139.33,133.39,140.38,141.28,141.5,140.93,133.41,133.41,127.64,144.65,98.29,129.53
2025/04/10,114.2,98.67,96.68,96.68,98.51,110.65,135.3,139,150.81,154.15,154.6,142.98,142.98,148.79,139.45,139.15,137.02,137.06,137.07,137.07,136.98,135.96,135.73,118.81,154.6,96.68,131.79
2025/04/09,154.2,115.55,98.92,98.64,109.17,135.68,139.56,139.55,139.84,139.83,153.94,139.82,139.82,139.82,139.82,139.81,139.55,139.71,139.83,139.83,139.84,139.55,139.55,139.55,154.2,98.64,135.54
2025/04/08,154.2,115.14,98.22,98.19,109.24,140.86,141.41,141.47,142.91,142.05,141.49,136.56,136.48,136.54,136.5,136.56,136.48,136.56,140.38,153.12,153.04,140.19,139.97,140.54,154.2,98.19,135.99
2025/04/07,111.09,97.78,86.53,86.53,87.34,93.64,116.46,125.73,140.96,143.9,143.19,137.66,135.63,139.33,135.64,139.33,135.61,135.64,135.64,156.47,138.82,135.64,135.64,141.58,156.47,86.53,128.14
2025/04/06,101.18,99.36,85.99,88.94,113.27,132.88,142.94,141.42,101.07,101.51,116.12,101.12,0,6.87,116.87,96.04,99.36,114.63,120.82,120.94,121.03,121.11,121.16,121.24,142.94,0,106.45
2025/04/05,121.88,98.65,97.55,89.49,93.23,98.65,98.65,98.65,99.2,115.27,139.89,141.08,139.83,139.91,116.15,116.71,100.52,99.11,99.15,100,100,99.28,99.18,99.28,141.08,89.49,108.39
2025/04/04,154.2,105.88,98.33,98.33,108.54,136.56,138.29,137,137.82,137.25,140.17,145.55,137.42,145.4,140.17,137.9,136.51,136.98,137.9,138.41,137.52,137.31,137,138.41,154.2,98.33,133.65
2025/04/03,125.73,123.02,98.47,98.33,98.96,123.66,138.34,138.34,144.15,153.64,155.2,146.85,141.12,141.1,141.1,154.88,140.05,139.87,139.88,139.88,139.88,137.58,138.34,138.34,155.2,98.33,135.42
2025/04/02,104.85,95.52,94.67,95.09,95.07,98.57,117.13,139.33,135,135.07,136.76,139.35,136.17,136.8,136.81,139.37,136.83,133.06,133.17,133.18,118.48,116.94,116.46,116.46,139.37,94.67,123.12
2025/04/01,99.41,98.52,97.55,97.74,98.79,122.85,128.35,136.04,143.52,143.77,145.19,143.53,137.21,139.35,137.21,156.03,137.21,137.92,136.01,136.02,136.02,126.13,126.41,121.02,156.03,97.55,128.85
2025/03/31,113.89,96.51,87.25,85.98,87.25,89.13,113.8,128.59,138.69,132.46,132.46,132.46,128.83,132.46,132.46,128.84,128.84,128.53,128.65,126.89,125.67,123.02,123.02,115.49,138.69,85.98,120.5
2025/03/30,132.58,116.49,100.08,100.08,123.9,133.33,134.73,132.56,97.06,100.08,100.21,100.22,100.17,103.29,97.35,98.17,96.54,122.8,133.33,133.33,133.33,133.33,133.33,133.33,134.73,96.54,118
2025/03/29,134.22,132.24,129.77,123.15,129.87,134.48,134.42,126.37,123.05,103.28,133.4,133.4,128.99,130.32,111.26,99.91,99.91,111.64,124.34,133.55,133.1,133.1,133.1,133.1,134.48,99.91,125.86
2025/03/28,122.71,103.48,96.65,99.04,103.48,124.12,124.37,132.89,130.68,139.92,133.44,128.62,124.84,126.17,126.17,140.06,126.17,127.43,134.93,135.75,132.67,130.47,132.07,132.67,140.06,96.65,125.83
2025/03/27,112.54,96.79,96.58,96.58,96.58,96.76,97.49,113.8,117.53,160.78,160.78,134.55,124.9,134.48,134.33,134.88,134.72,130.4,128.87,132.89,113.8,113.38,113.8,104.43,160.78,96.58,121.33
2025/03/26,107.71,88.89,88.89,88.89,97.33,113.8,114.91,118.16,139.09,114.84,126.41,126.38,126.38,126.38,126.38,126.38,126.38,126.38,140.8,140.8,126.41,126.41,126.41,126.41,140.8,88.89,120.25
2025/03/25,107.37,96.67,96.49,85.4,96.39,97.29,103.48,103.48,124.12,130.21,132.46,133.46,128.59,130.21,130.21,130.21,130.2,124.12,124.12,113.8,113.38,111.73,108.51,108.36,133.46,85.4,115.58
2025/03/24,113.8,96.53,84.4,84.4,96.71,96.86,100.41,123.44,113.8,130.14,124.12,108.65,103.48,105.51,103.48,107.35,113.8,120.33,152.69,133.42,121.88,110.5,113.8,109.15,152.69,84.4,112.38
2025/03/23,124.29,115.03,113.6,111.97,113.6,137.26,145.87,143.72,99.94,99.82,101.92,100.06,97.7,97.7,97.7,103.29,101.14,114.2,123.9,135.32,135.32,135.32,135.33,135.3,145.87,97.7,119.29
2025/03/22,132.94,123.89,123.89,112.5,123.89,136.47,136.54,124.35,113.58,113.83,132.94,113.22,103.28,103.28,100.06,100.03,97.09,115.94,134.42,134.43,134.43,134.44,134.44,134.45,136.54,97.09,122.53
2025/03/21,114.15,97.31,96.22,89.43,96.9,103.48,124.12,128.38,131.96,131.94,133.5,129.55,127.24,127.16,127.08,132.44,125.8,125.8,135.31,125.81,125.81,123.72,124.12,133.38,135.31,89.43,121.81
2025/03/20,112.45,100.47,97.02,96.99,97.02,111.15,127.79,128.63,136.22,136.12,147.87,137.89,132.34,132.34,132.11,130.22,130.22,129.64,129.64,130.21,126.57,126.65,126.73,130.21,147.87,96.99,124.94
2025/03/19,112.26,98.04,96.43,91.44,96.57,106.29,113.12,113.16,136.72,137.08,157.94,130.22,128.9,128.9,128.71,128.89,130.22,128.71,131.28,131.28,131.02,128.42,128.27,128.26,157.94,91.44,123.22
2025/03/18,136.98,98.63,89.33,87.31,88.66,96.86,110.34,120.49,143.45,152.85,132.64,128.13,125.33,125.33,125.33,125.33,137.15,137.05,137.42,137.42,137.42,137.06,137.06,118.56,152.85,87.31,124.82
2025/03/17,95.74,83.24,83.24,83.24,83.24,83.24,87.44,110.79,136.49,136.49,129.51,127.56,127.56,127.85,127.44,122.98,122.9,114,114.35,113.23,111.08,110.79,110.79,110.79,136.49,83.24,112.12
2025/03/16,97.15,83.61,82.45,82.45,82.45,82.45,85.12,85.12,82.45,82.45,95.61,99.89,99.76,111.54,99.05,95.61,86.55,97.15,98.41,98.41,98.41,98.41,98.41,98.41,111.54,82.45,92.84
2025/03/15,131.75,98.13,97.37,97.03,97.03,98.22,98.22,98.26,97.03,107.97,97.87,97.65,6.83,79.16,67.12,78.74,86.47,97.59,98.54,98.54,98.54,98.54,98.54,98.54,131.75,6.83,93.62
2025/03/14,112.86,97.27,96.4,84.43,96.99,108.36,112.96,113.6,122.92,139.97,122.75,113.5,97.27,97.27,97.27,113.26,112.05,122.06,121.67,113.8,111.44,110.36,111.44,114,139.97,84.43,110.77
2025/03/13,91.37,85.12,82.92,82.59,83.85,89.99,109.57,111.44,116.83,116.81,116.79,115.06,97.84,97.84,97.84,111.44,106.95,111.74,111.85,111.85,111.74,111.74,111.74,111.74,116.83,82.59,104.73
2025/03/12,103.52,89.8,89.8,89.58,89.8,89.8,97.93,121.61,132.07,141.96,152.29,130.21,128.97,130.22,128.97,128.97,128.97,125.9,125.9,122.92,121.61,121.61,113.25,112.47,152.29,89.58,118.88
2025/03/11,96.02,87.23,84.7,83.44,84.7,87.23,96.44,113.6,130.22,137.56,130.21,130.21,126.84,130.22,130.22,130.22,137.54,137.28,136.59,136.52,111.36,95.89,95.89,95.94,137.56,83.44,114.57
2025/03/10,113.11,99.73,97.02,97.02,97.02,99.73,113.11,133.46,144.67,147.13,128.74,113.94,112.18,112.27,112.88,113.94,113.94,113.94,114.03,121.61,114.03,114.03,112.16,113.9,147.13,97.02,115.68
2025/03/09,154.76,97.6,89.37,97.6,113.96,143.08,114.74,96.67,78.49,77.77,0,0,0,0,0,79.29,95.61,122.91,146.46,143.36,141.31,145.65,141.31,145.77,154.76,0,99.71
2025/03/08,129.32,122.96,123.27,122.77,123.27,122.69,123.26,123.22,114.14,96.99,114.29,114.27,114.26,96.99,96.57,96.54,96.51,96.99,122.87,123.16,123,122.75,140.44,140.44,140.44,96.51,116.91
2025/03/07,94.02,85.51,85.51,85.51,85.51,88.92,96.9,109.57,121.7,130.22,130.22,130.21,111.96,130.22,130.21,130.22,130.22,113.95,113.22,113.23,111.38,110.68,110.79,97.84,130.22,85.51,111.02
2025/03/06,96.15,85.9,85.62,85.62,85.62,85.9,96.9,97.84,113.97,130.22,151.39,130.22,112.54,113.37,113.79,113.36,113.94,113.95,113.96,113.08,101.11,97.84,97.84,97.84,151.39,85.62,106.88
2025/03/05,96.24,85.51,85.51,85.51,85.51,85.51,96.9,113.06,129.05,147.99,149.57,131.87,128.98,131.55,131.28,127.29,122.44,121.47,121.61,122.26,134.16,113.65,111.89,112.42,149.57,85.51,116.93
2025/03/04,83.19,83.19,83.19,83.19,83.19,83.19,83.19,97.69,113.65,152.84,149.92,131.28,129.9,131.28,129.9,129.52,125.75,113.4,113.56,113.56,134.85,109.32,110.22,97.69,152.84,83.19,113.37
2025/03/03,81.32,79.49,79.49,79.49,79.49,79.49,81.76,83.21,95.61,113.26,113.26,114.75,114.75,114.75,114.75,114.75,114.18,114.29,114.07,112.98,98.41,97.48,95.61,94.07,114.75,79.49,100.32
2025/03/02,84.9,82.37,79.49,79.49,79.49,79.49,80.18,81.49,81.06,79.49,79.53,79.53,79.49,79.49,79.49,80.18,82.37,86.26,86.26,86.26,86.26,86.26,86.26,86.26,86.26,79.49,82.28
2025/03/01,95.61,86.26,84.33,81.71,81.71,81.91,84.33,84.08,95.6,99.33,112.34,99.33,99.33,99.33,99.33,99.33,98.4,95.86,95.91,95.95,95.92,86.26,95.61,86.26,112.34,81.71,93.14
2025/02/28,87.2,81.74,80.53,80.53,80.53,80.71,88.12,99.18,115.69,131.01,138.69,130.81,115.63,115.61,115.61,115.61,115.6,113.83,100.14,100.14,99.2,95.27,92.54,92.54,138.69,80.53,103.89
2025/02/27,97.37,88.86,88.86,88.86,88.86,98.32,99.28,113.61,118.96,118.94,118.91,117.09,100.23,102.15,102.32,112.76,112.76,113.15,113.34,113.4,107.64,107.64,107.64,107.64,118.96,88.86,106.34
2025/02/26,105.07,97.54,82.1,82.1,82.1,87.2,113.35,113.99,123.71,130.86,141.24,130.54,127.29,128.75,130.11,128.35,130.79,126.36,113.98,113.98,113.98,113.99,113.99,114.01,141.24,82.1,115.13
2025/02/25,100.23,85.02,83.6,82.77,83.6,85.02,107.9,107.9,130.79,130.79,150.78,142,128.4,128.32,128.32,128.32,144.44,130.78,114.94,114.94,113,109.59,109.59,109.59,150.78,82.77,115.62
2025/02/24,87.21,80.05,80.05,80.05,80.05,81.1,97.63,114.82,130.83,145.89,149.46,132.15,126.28,126.28,126.28,132.15,132.15,132.15,114.31,114.31,114.31,113.9,114.31,113.9,149.46,80.05,115.32
2025/02/23,104.96,86.42,86.39,84.98,85.83,86.43,98.4,97.34,81.85,79.67,98.31,72.76,72.76,6.21,72.76,72.76,79.67,96.13,104.96,104.96,98.27,104.96,103.97,104.96,104.96,6.21,88.24
2025/02/22,108.15,101.48,102.66,85.12,85.12,102.42,106.37,104.78,103.15,98.05,110.37,80.29,72.82,0,76.15,79.69,82.46,97.87,108.44,108.44,108.44,108.44,108.44,108.44,110.37,0,94.84
2025/02/21,107.9,97.98,102.32,84.33,101.64,101.91,107.07,132.8,138.87,140.85,155.34,140.38,132.73,132.81,132.54,132.81,132.81,132.81,132.56,126.31,113.91,113.67,113.9,113.9,155.34,84.33,122.57
2025/02/20,113.06,98.68,97.71,82.54,83.49,98.78,113.15,128.79,134.47,139.7,159.56,134.45,134.03,132.82,130.24,130.24,132.82,132.82,132.82,132.82,126.33,113.88,113.88,122.75,159.56,82.54,122.73
2025/02/19,107.9,101.77,98.38,97.93,98.42,102.35,113.2,128.69,137.5,142.09,157.35,138.32,133.08,132.79,132.57,131,140.97,132.55,130.74,130.78,129.84,124.91,128,128.37,157.35,97.93,126.04
2025/02/18,122.64,102.15,98.46,98.46,98.46,99.51,113.01,128.93,143.78,149.48,145.96,142.19,131.05,131.05,131.05,131.05,131.05,131.05,130.78,129.98,129.9,125.25,125.25,113.94,149.48,98.46,125.42
2025/02/17,123.89,98.61,97.86,80.89,98.06,98.22,102.01,132.8,132.5,145.9,151.99,132.56,130.94,131.73,131.11,132.15,132.15,132.15,130.06,130.79,130.79,132.48,132.45,113.87,151.99,80.89,124.6
2025/02/16,99.53,98.59,97.91,81.8,81.8,96.48,97.91,102.94,103.75,103.5,103.74,103.74,103.74,103.74,105.3,105.35,103.67,105.39,133.17,105.55,103.76,103.76,103.41,99.98,133.17,81.8,102.25
2025/02/15,122.15,101.69,99.22,99.09,99.22,101.8,102.54,115.65,116.85,141.55,150.58,148.17,132.52,132.5,132.51,123.96,123.96,102.92,115.97,114.96,107.61,102.76,102.78,132.48,150.58,99.09,117.71
2025/02/14,108.13,98.48,98.07,82.54,97.73,102.15,104.03,132.78,132.79,146.68,143.92,132.57,131.3,132.8,131.99,131.99,132.57,133.42,126.81,126.24,114.49,113.09,112.88,103.85,146.68,82.54,120.69
2025/02/13,112.57,101.6,101.61,98.25,101.6,111.24,112.61,132.81,136.01,136,146.77,139.35,131.12,132.15,132.15,131.37,140.03,131.12,132.23,132.23,130.15,125.75,122.78,114.04,146.77,98.25,125.27
2025/02/12,103.44,97.28,93.04,81.32,92.42,93.39,109.51,123.61,132.59,143.84,154.15,144,142.98,143.44,143.44,143.44,132.8,134.13,134.98,130.21,130.14,132.49,125.7,123.89,154.15,81.32,126.6
2025/02/11,103.12,101,100.23,83.22,84.06,98.32,107.51,134.24,138.75,150.33,144.44,145.55,131.36,131.37,132.15,131.37,132.15,132.15,132.15,132.15,132.15,113.98,113.98,113.98,150.33,83.22,122.95
2025/02/10,105.62,81,80.92,80.73,80.85,81,88.04,108.96,142.19,154.52,157.07,152,130.3,132.55,130.3,130.3,141.24,132.79,131.3,130,125.85,113.9,132.55,113.9,157.07,80.73,121.71
2025/02/09,103.41,99.27,99.08,82.99,82.99,98.46,99.15,102.61,103.48,103.74,106.34,103.74,104.56,103.74,103.64,102.95,103.74,106.23,111.85,108.84,103.48,103.48,103.48,103.48,111.85,82.99,101.95
2025/02/08,113.07,112.79,99.34,98.79,98.67,101.6,112.3,113.49,115.53,132.78,134.8,134.8,127.28,127.28,115.54,115.54,124.41,115.55,142.05,132.49,128.31,114.24,113.56,114.88,142.05,98.67,118.5
2025/02/07,112.43,101.97,98.56,98.14,98.13,98.55,111.77,113.73,136.65,159.17,149.17,142.6,131.72,136.2,136.43,151.02,136.65,136.65,134.8,131.51,130.1,129.66,129.78,128.8,159.17,98.13,127.86
2025/02/06,105.98,97.98,97.72,84.44,95.69,98.29,105.34,114.59,141.12,154.52,153.3,134.44,131.17,133.22,139.76,132.8,142.19,133.51,134,126.08,131.93,112.51,102.23,107.9,154.52,84.44,122.95
2025/02/05,106.94,96.77,84.44,84.44,84.44,98.11,109.77,111.86,139.87,148.18,150.83,138.84,132.35,133.91,133.58,142,133.58,132.24,132.24,127.04,131.1,112.43,105.93,105.7,150.83,84.44,121.72
2025/02/04,105.07,102.15,84.44,84.44,84.44,102.15,99.28,129.79,134.8,236.55,159.36,133.78,130.6,133.52,133.77,141.76,134.09,134.15,134.57,134.57,134.8,130.01,130.02,113.79,236.55,84.44,129.28
2025/02/03,102.15,80.55,80.55,80.55,80.55,80.55,86.78,109.48,142.19,157.57,151.41,133.91,133.05,133.58,131.32,132.92,132.92,132.92,133.91,133.91,114.52,102.78,99.72,99.16,157.57,80.55,118.04
2025/02/02,96.38,82.91,82,81.27,81.27,81.4,82.94,82.94,95.27,98.13,100.7,100.74,100.59,100.74,106.29,106.3,105.9,106.21,105.96,100.74,100.74,99.79,98.13,97.32,106.3,81.27,95.84
2025/02/01,103.21,98.71,82.77,82.77,82.77,82.77,84.47,84.47,99.51,105.95,132.56,151.16,113.57,110.31,104.88,104.97,105.01,103.66,103.6,103.41,103.23,100.17,99.92,100.37,151.16,82.77,102.27
2025/01/31,115.34,81.96,81.79,81.06,81.13,81.96,101.63,108.27,151.51,164.38,155.33,150.48,136.63,138.88,136.63,136.63,136.36,133.09,133.17,132.45,138.58,114.6,116.3,107.33,164.38,81.06,123.8
2025/01/30,97.63,85.81,81.14,79.87,79.87,97.63,97.63,97.63,97.63,107.7,109.31,109.28,109.39,103.7,98.47,76.68,98.42,104.3,104.62,104.62,104.62,104.62,104.44,104.46,109.39,76.68,98.51
2025/01/29,95.74,77.88,77.07,77.07,77.07,77.07,80.07,80.07,77.49,76.68,70.92,70.92,6.69,70.92,70.92,70.92,76.68,96.71,97.63,97.63,97.63,97.63,97.63,97.63,97.63,6.69,81.06
2025/01/28,96.06,82.26,80.92,80.92,80.92,81.77,83.35,83.35,80.33,79.87,78.51,78.51,78.51,78.51,78.51,79.87,80.33,80.33,88.53,88.53,88.53,88.53,88.53,88.53,96.06,78.51,83.28
2025/01/27,96.72,85.16,80.92,80.92,80.92,100.11,104.21,108.26,118.3,139.36,142.98,154.93,141.33,134.23,133.68,132.51,132.51,133.24,139.35,132.52,118.3,121.62,114.25,104.6,154.93,80.92,118.67
2025/01/26,118.27,86.29,82.74,80.92,80.92,81.1,83.08,98.48,106.56,117.72,147.05,139.37,118.64,120.92,120.95,117.62,117.62,117.45,117.73,117.72,116.4,116.3,117.07,115.88,147.05,80.92,109.97
2025/01/25,128.85,100.77,107.38,101.33,99.39,101.37,117.4,116.26,118.79,135.88,151.24,146.35,128.48,116.6,116.05,115.78,120.95,138.61,138.62,138.62,117.84,117.49,116.97,116.47,151.24,99.39,121.13
2025/01/24,118.47,107.85,102.41,101.78,101.95,102.31,108.61,129.7,138.86,156.44,153.54,142.93,137.04,137.04,138.58,137.04,138.87,136.74,139.43,132.84,118.77,108.61,118.47,132.76,156.44,101.78,127.78
2025/01/23,108.39,101.62,101.62,83.71,101.44,101.86,106.57,129.7,141.34,151.45,143.52,143.25,136.55,144.22,138.59,136.77,138.88,136.77,136.76,136.77,136.77,118.47,118.47,114.83,151.45,83.71,126.56
2025/01/22,110.11,102.03,101.71,101.84,102.03,106.56,107.39,138.88,144.95,156.44,155.89,148.76,138.69,138.77,138.77,145.89,138.77,137.09,136.82,138.98,138.59,121.72,115.48,114.68,156.44,101.71,129.85
2025/01/21,107.71,102.01,102.01,101.75,101.93,102.33,113.13,129.58,145.23,166.26,152.35,146.53,136.7,137.42,137.42,137.72,138.58,138.62,136.71,136.72,136.44,131.72,129.07,129.58,166.26,101.75,130.53
2025/01/20,117.61,80.3,80.3,80.3,80.3,95.31,101.84,116.05,138.59,153.41,165.68,164.5,138.62,138.62,138.62,138.59,138.62,138.59,136.63,136.56,132.06,138.57,117.41,116.84,165.68,80.3,127.33
2025/01/19,103.36,102.52,102.55,102.14,96.06,84,102.38,103.35,108.18,109.15,109.09,108.99,133.53,106.71,108.94,108.99,109.04,118.06,139.27,119.11,113.44,107.74,108.38,108.4,139.27,84,109.09
2025/01/18,107.96,106.03,102.25,102.47,102.11,102.75,107.33,107.74,117.54,138.53,118.72,118.4,117.24,117.18,117.63,117.18,117.66,117.54,118.45,118.12,116.45,107.63,107.63,107.96,138.53,102.11,112.95
2025/01/17,108.26,115.79,102,101.75,102,106.5,111.06,138.88,142.97,158.68,143.17,145.73,136.23,136.23,138.88,138.88,145.73,145.99,138.57,136.15,133.56,129.2,115.62,114.61,158.68,101.75,129.79
2025/01/16,108.07,106.76,106.34,101.97,106.76,102.05,105.25,136.78,144.48,157.34,156.67,148.76,139.15,139.28,139.28,139.28,139.29,138.58,138.38,138.98,138.57,136.78,114.49,114.7,157.34,101.97,130.51
2025/01/15,128.59,106.11,102,101.52,101.58,101.97,102.14,131.65,141.81,148.19,142.18,142.18,136.98,137.29,138.86,138.59,156.35,138.73,137.18,137.01,136.24,121.82,118.14,121.32,156.35,101.52,129.35
2025/01/14,108.13,104.61,101.75,101.79,101.7,101.79,107.34,136.77,146.51,154.09,147.33,146.13,138.8,139.21,139.21,139.21,139.22,139.22,136.79,136.51,136.77,136.77,136.77,114.59,154.09,101.7,130.31
2025/01/13,110.94,102.02,101.76,97.74,97.74,97.74,113.34,114.47,138.59,165.24,152.63,156.44,138.26,138.58,138.58,138.58,152.65,138.58,138.57,138.59,138.57,136.77,138.49,114.88,165.24,97.74,131.27
2025/01/12,111.15,111.8,111.82,97.63,98.55,102.64,103,103.19,111.74,117.03,118.12,118.07,117.91,117.29,117.36,116.96,116.74,118.07,118.12,118.12,116.06,108.64,111.74,107.81,118.12,97.63,112.14
2025/01/11,114.96,106.45,102.74,102.74,102.74,106.12,106.52,117.4,118.75,136.42,136.41,138.53,136.38,136.38,136.37,134.11,134.11,131.93,132.87,132.87,131.18,116.1,116.56,115.23,138.53,102.74,122.72
2025/01/10,124.44,112.6,106.2,101.97,101.97,112.52,117.05,138.02,147.83,163.15,147.2,147.33,140.19,140.26,144,140.85,156.37,139.21,139.21,139.21,139.21,132.81,133.06,138.49,163.15,101.97,134.73
2025/01/09,108.07,109.23,101.97,101.97,101.97,106.76,107.55,118.54,144,161.72,147.95,147.07,139.15,143.38,143.63,148.66,144.05,146.14,138.36,138.59,136.6,136.53,134.24,134.24,161.72,101.97,132.78
2025/01/08,85.04,81.97,81.97,81.97,81.97,81.97,83.37,112.78,140.44,161.72,159.39,133.25,133.25,133.13,133.25,160.86,136.76,133.33,133.42,134.61,126.52,116.06,120.82,121,161.72,81.97,122.01
2025/01/07,96.87,82.03,82.03,82.03,82.03,82.03,87.46,114.52,127.47,156.92,146.26,146.26,132.67,132.67,138.58,136.77,128.39,124.33,125.58,125.58,103.32,102.35,97.74,97.74,156.92,82.03,115.69
2025/01/06,77.42,76.17,76.17,75.75,76.17,76.17,78.81,97.66,128.09,136.72,128.4,128.09,127.47,127.47,122.7,126.84,126.84,126.84,128.32,124.77,103.32,102.35,97.52,100.11,136.72,75.75,109.44
2025/01/05,86.97,78.2,77.07,77.07,77.07,77.07,77.51,77.51,79.21,80.05,83.22,83.16,83.16,83.59,83.59,88.85,87.71,88.96,88.96,88.96,88.96,88.39,88.39,88.96,88.96,77.07,83.66
2025/01/04,97.77,81.76,81.12,81.12,81.12,81.12,97.37,98.47,98.78,119.65,119.65,98.16,0,0,97.98,97.94,97.94,98.78,98.68,98.07,98.78,98.78,97.37,97.69,119.65,0,89.28
2025/01/03,84.69,81.32,81.06,81.06,81.06,81.06,87.47,115.29,138.49,166.56,155.47,146,134.16,134.04,133.95,133.95,132.19,128.32,128.32,128.32,103.38,102.21,88.96,88.96,166.56,81.06,116.2
2025/01/02,84.81,80.83,80.83,80.83,80.83,80.83,87.52,97.7,128.32,151.16,157.97,134.12,133.99,133.91,133.78,138.86,133.91,133.99,128.32,115.58,113.77,103.23,102.26,96.87,157.97,80.83,115.76
2025/01/01,81.99,78.61,78.61,78.61,78.61,78.61,79.74,79.74,77.32,76,71.2,71.2,0,6.85,71.2,71.33,84.92,96.78,96.78,97,97.02,97.63,97.63,97.08,97.63,0,78.68
2024/12/31,84.86,81.4,80.48,80.48,80.48,80.48,83.85,92.53,142.95,158.05,131.37,127.59,122.66,122.66,122.66,122.66,122.85,122.99,123.06,109.49,92.53,92.53,92.53,92.53,158.05,80.48,108.15
2024/12/30,81.11,79.03,79.03,79.03,79.03,79.03,81.11,92.64,142.95,164.91,160.05,154.79,137.81,137.72,137.63,157.72,137.16,141.2,132.59,122.57,115.43,92.96,92.64,92.64,164.91,79.03,118.73
2024/12/29,92.11,83.88,82.48,81.64,81.8,82.48,83.88,83.88,83.88,79.8,79.14,78.55,73.69,78.55,78.43,80.13,83.88,93.56,93.56,93.56,93.56,93.56,93.56,93.56,93.56,73.69,85.51
2024/12/28,91.9,90.72,87.23,84.67,84.67,86.62,92.88,93.83,93.83,93.83,93.83,93.83,93.31,93.22,92.85,92.96,93.83,93.83,93.83,93.83,93.83,93.83,93.83,93.83,93.83,84.67,92.19
2024/12/27,88.68,81.71,81.71,81.71,81.71,81.71,84.57,116.29,143,150.71,140.42,142.45,136.93,143.06,136.73,150.82,136.73,128.83,128.76,120.02,109.49,92.27,92.04,93.12,150.82,81.71,116.57
2024/12/26,92.17,91.09,81.25,81.25,81.25,91.55,92.64,120.3,143.7,164.06,168.78,158.68,143.62,136.95,136.95,143.07,136.62,133.71,132.59,122.94,115.32,92.62,92.62,92.64,168.78,81.25,121.42
2024/12/25,103.43,92.54,92.15,91.63,91.82,91.89,92.38,117.23,118.82,123.24,145.72,143.84,118.83,118.83,118.81,118.81,118.83,118.84,118.37,116.07,102.67,102.3,102,102.17,145.72,91.63,110.88
2024/12/24,102.27,91.67,91.67,91.5,91.67,96.57,102.02,141.2,144.78,166.22,159.95,144.76,141.22,143.01,143.4,144.52,143.19,143.5,143.5,141.2,121.77,101.09,101.5,101.98,166.22,91.5,126.51
2024/12/23,122.02,91.2,89.11,89.11,88.64,91.59,92.32,113.79,157.38,172.49,161.61,154.54,142.92,143.03,143.1,144.36,143.03,141.68,143.23,143.23,135.95,118.47,118.41,102.62,172.49,88.64,129.42
2024/12/22,98.4,84.54,84.54,84.54,84.54,84.57,92.3,92.97,93.03,120.68,93.2,105.57,105.05,105.17,93.2,92.95,105.13,105.8,105.8,105.81,105.44,103.69,103.71,93.61,120.68,84.54,97.84
2024/12/21,92.76,91.88,91.69,81.69,81.69,83.01,92.32,101.7,102.5,107.95,143.04,143.27,102.27,102.4,102.48,102.32,102.36,102.5,102.51,108.57,108.51,93.22,93.06,93.22,143.27,81.69,101.38
2024/12/20,102.92,91.52,91.11,82.33,91.19,91.48,101.64,117.2,151.31,163.56,158.24,158.21,142.63,142.79,158.23,167.14,142.8,142.52,138.23,136.54,133.1,114.93,101.28,116.45,167.14,82.33,128.94
2024/12/19,102.64,91.57,91.28,82.66,91.17,91.87,111.76,116.28,143.33,172.12,162.3,153.47,141.85,142,143.33,145.85,143.57,143.33,141.73,141.2,135.81,120.02,107.98,110.54,172.12,82.66,128.02
2024/12/18,92.1,91.34,91.12,82.13,82.13,92.08,111.76,116.6,143.61,230.82,151.02,144.41,141.47,141.46,141.46,141.47,141.47,141.19,141.2,136.48,141.19,120.77,114.78,115.08,230.82,82.13,129.39
2024/12/17,93.08,84.67,82.02,82.02,82.02,91.56,96.54,141.2,145.49,145.88,145.85,145.84,140.86,142.35,143.81,145.83,142.3,140.86,142.22,137.95,141.19,119.76,101.93,100.84,145.88,82.02,124.52
2024/12/16,111.06,99.87,80.38,80.34,80.38,111.41,100.92,134.1,146.9,170.67,146.9,146.9,141.23,146.9,161.49,146.9,143.41,142.79,140.34,139.4,136.34,135.78,141.2,116.31,170.67,80.34,131.87
2024/12/15,98.4,83.15,83.15,82.32,82.32,83.15,92.18,96.58,111.86,102.33,133.48,133.67,133.67,133.67,133.67,102.56,102.85,110.46,110.63,110.98,102.86,111.16,102.38,102.39,133.67,82.32,105.73
2024/12/14,103.49,92.66,92.12,91.67,91.7,92.25,96.32,101.03,103.13,103.09,103.11,103.24,99.57,102.76,102.78,103.37,103.87,103.61,103.93,103.38,103.38,102.84,102.95,101.51,103.93,91.67,100.41
2024/12/13,108.02,98.56,91.58,91.13,91.66,111.58,101.9,141.19,154.1,166.91,154.01,143.07,136.22,137.27,137.22,141.99,143.08,142.66,142.66,141.2,117.27,123.01,141.19,111.93,166.91,91.13,129.67
2024/12/12,102.61,91.54,91.61,91.18,91.52,91.71,112.75,120.77,158.57,158.57,162.48,156.04,137.8,137.72,137.72,137.72,156.04,145.72,142.66,143.07,136.02,122.66,122.66,116.35,162.48,91.18,129.52
2024/12/11,111.93,83.43,82.1,82.1,82.1,91.46,106.25,121.62,153.64,156.04,159.67,153.64,137.97,143.06,143.07,158.57,153.64,143.4,143.41,137,136.09,112.28,120.02,118.32,159.67,82.1,128.36
2024/12/10,106.1,82.77,80.77,80.77,80.77,91.53,93.38,146.28,147.99,147.99,160.16,147.13,138.02,146.33,147.13,158.57,148.06,147.99,141.64,136.87,136.23,141.19,122.66,120.16,160.16,80.77,129.2
2024/12/09,86.15,80.35,80.35,80.35,80.35,80.35,85.17,121.98,160.21,171.9,161.16,147.95,136.67,136.67,144.44,136.67,136.67,136.67,133.7,124.07,122.5,132.52,106.25,101.66,171.9,80.35,123.25
2024/12/08,92.06,83.18,83.18,80.94,82.17,83.18,92.11,92.15,92.15,80.59,89.43,80.24,6.19,76.67,80.24,80.59,91.86,103.84,103.84,103.84,103.85,103.85,103.49,93.61,103.85,6.19,87.96
2024/12/07,92.89,88.87,86.59,84.71,84.71,87.13,92.29,93.19,93.19,93.19,102.61,119.14,108.36,108.45,102.3,102.18,103.18,103.18,102.62,102.62,102.27,93.19,93.19,93.19,119.14,84.71,97.34
2024/12/06,97.79,81.98,80.52,80.52,80.52,86.67,100.92,116.28,143.43,143.08,152.11,139.91,122.78,122.78,122.78,141.19,143.06,133.12,118.54,121.84,116.76,112.75,101.62,110.17,152.11,80.52,117.24
2024/12/05,92.2,91.12,86.17,86.17,86.17,91.56,101,120.77,141.63,143.43,151.16,143.4,137.36,137.21,137.29,143.07,142.66,141.2,132.61,122.66,133.51,120.77,120.02,104.26,151.16,86.17,123
2024/12/04,112.45,80.66,80.52,80.52,80.52,82.56,115.9,116.1,143.4,144.2,143.4,142.44,144.53,137.27,138.26,143.07,143.4,143.04,142.66,142.32,142.95,121.84,116.06,107.27,144.53,80.52,124.86
2024/12/03,112.75,81.13,80.38,80.03,80.22,81.13,89.86,117.15,152.53,143.03,156.04,139.6,118.13,123.75,123.75,143,123.96,123.96,118.15,118.15,116.26,112.28,102.68,98.77,156.04,80.03,115.59
2024/12/02,97.41,80.17,80.17,80.17,80.17,80.7,84.16,101.85,143.01,166.29,155.33,144.04,137.97,143.06,158.57,158.18,156.04,142.98,137.98,142.98,120.02,112.36,101.29,101.83,166.29,80.17,124.32
2024/12/01,97.81,91.76,84.46,84.46,84.46,88.94,107.71,97.81,107.71,104,104.06,104.2,103.78,92.89,93.02,104.15,104.51,107.71,107.71,107.71,107.71,104.2,101.34,107.71,107.71,84.46,100.27
2024/11/30,106.78,96.65,87.96,87.46,87.45,96.65,103.28,109.78,109.78,111.63,112,108.43,107.87,107.38,104.62,107.32,107.87,107.87,107.87,107.88,107.54,106.78,104.84,103.97,112,87.45,104.27
2024/11/29,107.7,101.87,87.57,87.18,87.61,101.98,106.29,111.33,137.97,152.33,151.87,154.15,138.78,155.82,153.84,138.78,138.72,137.92,137.92,137.92,114.22,106.56,107.2,104.46,155.82,87.18,125.17
2024/11/28,111.21,102.96,91.06,87.57,101.43,102.75,105.8,117.04,137.98,137.97,156.16,144.56,137.98,137.98,137.97,137.92,137.1,136.92,135.58,137.81,130.65,127.98,117.24,117.24,156.16,87.57,126.14
2024/11/27,107.59,102,87.49,87.08,87.48,102,105.8,127.27,137.94,137.92,137.98,136.37,136.19,136.37,136.37,136.37,136.37,136.37,136.1,131.36,116.98,114.75,106.62,106.62,137.98,87.08,121.68
2024/11/26,114.88,91.94,87.57,87.47,91.94,102.32,104.01,106.76,140.74,154.83,158.56,137.88,131.51,131.42,135.27,137.94,137.97,135.27,135.26,131.14,117.78,114.22,104.85,113.03,158.56,87.47,122.76
2024/11/25,91.51,79.45,79.45,79.45,79.45,79.45,90.49,107.53,117.26,117.26,137.61,135.26,116.8,116.8,116.8,116.8,137.95,116.8,117.26,112.14,106.76,106.69,106.5,114.94,137.95,79.45,109.32
2024/11/24,106.64,87.95,85.2,85.2,85.2,87.95,101.19,106.64,107.03,91.88,112.08,105.82,0,78.4,78.4,87.55,91.52,108.84,108.85,108.85,108.85,108.49,101.37,101.2,112.08,0,94.66
2024/11/23,103.68,101.97,87.86,87.79,87.87,93.03,117.14,117.14,117.24,113.57,91.3,110.2,0,78.38,90.67,88.5,112.24,116.69,116.82,112.24,112.24,101.33,101.33,101.33,117.24,0,99.35
2024/11/22,112.14,87.79,87.13,87.05,87.24,87.79,107.05,117.78,130.73,117.62,117.52,117.47,115.31,116.87,117.26,117.26,117.37,117.47,117.43,113.31,107.05,106.47,112.14,116.73,130.73,87.05,110.38
2024/11/21,106.74,87.43,87.16,87.27,87.06,87.6,107.37,107.29,137.88,150.52,137.89,117.01,117.01,116.96,137.63,127.32,137.63,137.87,127.44,117.26,107.87,107.87,107.87,107.87,150.52,87.06,115.92
2024/11/20,106.74,83.22,82.85,82.96,82.99,106.21,117.98,117.98,141.65,159.13,141.65,131.98,131.79,131.55,137.63,131.51,137.64,135.7,135.7,108.72,106.69,104.48,103.5,103.5,159.13,82.85,118.99
2024/11/19,114.94,90.49,90.49,79.76,79.76,110.99,110.99,118.08,137.61,137.88,147.19,131.65,131.65,131.65,131.65,131.65,131.66,137.62,127.68,117.67,110.99,104.46,104.46,110.99,147.19,79.76,118.77
2024/11/18,93.45,78.12,78.12,78.12,78.12,78.12,104.24,115.82,117.78,117.78,107.12,106.86,103.8,114.94,117.47,117.47,117.47,117.47,117.78,117.78,107.4,107.01,107.01,105.25,117.78,78.12,105.96
2024/11/17,105.01,87.01,82.89,81.53,82.89,87.81,105.06,93.24,88.1,88.02,88.61,88.69,114.27,88.3,88.23,114.27,114.27,116.06,114.27,114.27,114.21,105.03,105.01,105.01,116.06,81.53,99.52
2024/11/16,90.81,87.47,82.08,80.6,80.6,84.63,94.01,94.86,94.05,94.38,94.62,93.99,90.81,90.92,78.38,80.6,88.62,89.48,90.81,90.81,90.85,89.48,89.48,89.48,94.86,78.38,88.88
2024/11/15,91.51,87.07,87.1,87.15,87.18,87.76,112.48,114.22,116.84,116.58,116.58,116.51,108.92,116.38,147.26,131.48,116.38,116.51,116.78,116.78,107.42,106.79,104.58,113,147.26,87.07,110.43
2024/11/14,103.76,87.57,83.4,85.3,87.57,102.76,116.73,116.73,147.26,147.26,147.26,132.31,132.31,132.31,147.26,147.26,147.26,139.97,132.32,116.98,116.98,116.98,106.52,105.55,147.26,83.4,122.38
2024/11/13,114.22,102.07,102.01,101.9,102.07,103.34,114.22,131.31,147.26,131.32,131.38,131.23,116.38,116.38,116.31,116.38,147.26,123.4,131.47,131.43,117.04,117.04,107,106.74,147.26,101.9,119.85
2024/11/12,107.15,89.73,89.53,89.53,89.62,92.21,117.44,117.24,147.26,147.26,131.37,115.63,105.73,110.38,112.83,115.58,116.58,123.4,123.33,117.04,117.17,107.22,104.38,114.22,147.26,89.53,113.49
2024/11/11,92.37,78.05,78.05,78.05,78.05,90.5,87.98,106.8,116.84,131.57,143.05,131.54,141.81,131.51,131.54,137.94,131.54,131.54,131.57,116.84,113.76,113,106.61,106.61,143.05,78.05,114.95
2024/11/10,98.1,78.4,78.4,78.4,78.4,78.4,80.24,90.77,90.68,92.45,92.24,114.99,92,114.27,92,114.6,114.99,114.99,114.99,114.99,114.99,114.94,92.24,92.45,114.99,78.4,98.14
2024/11/09,113.22,88.17,87.58,80.28,80.28,87.55,88.34,93.07,93.07,105.86,105.84,105.61,105.82,105.81,104.82,105.64,105.25,105.73,105.85,105.86,104.28,92.08,92.29,92.29,113.22,80.28,98.15
2024/11/08,110.09,89.57,89.57,89.57,89.57,102.17,111.71,114.22,117.51,131.58,137.88,132.64,132.64,137.9,148.44,149.56,137.92,132.65,117.17,117.17,116.73,107.15,117.44,106.94,149.56,89.57,118.9
2024/11/07,103.65,89.39,89.39,89.48,89.48,102.16,114.48,107.74,117.84,136.21,155.07,136.87,116.13,116.84,116.84,116.84,151.02,137.03,117.44,117.51,114.94,107.66,111.71,104.64,155.07,89.39,115.89
2024/11/06,103.68,87.6,87.6,87.42,87.56,92.08,115.73,116.58,131.58,137.89,151.45,135.76,116.2,117.11,117.11,117.11,117.26,127.56,117.52,117.52,117.53,113.81,113.61,109.09,151.45,87.42,114.81
2024/11/05,103.72,92.74,87.46,87.49,87.52,102.64,104.21,106.62,117.37,136.94,136.94,136.94,136.94,137.63,137.63,136.87,136.13,131.98,132.17,127.56,127.62,107.46,105.14,104.95,137.63,87.46,118.98
2024/11/04,103.98,87.53,87.42,86.95,87.27,102.49,104.14,115.78,131.3,149.56,137.97,134.96,116.58,116.58,131.3,131.4,131.35,127.26,127.32,116.78,116.73,106.73,106.56,104.12,149.56,86.95,116.79
2024/11/03,106.63,92.24,87.58,87.11,87.42,92.45,92.45,92.7,104.63,104.63,104.63,104,0,87.3,104.57,104.57,108.6,109.96,109.97,109.97,109.58,108.46,108.85,105.6,109.97,0,97.93
2024/11/02,104.31,103.05,102.64,87.43,102.83,103.18,103.81,104.3,107.25,107.89,116.19,148.12,107.6,107.6,107.52,107.68,107.3,107.95,108.08,108.14,108.2,106.76,106.85,104.76,148.12,87.43,107.4
2024/11/01,112.58,103.44,102.83,91.75,101.85,103.45,106.6,131.3,151.13,150.53,145.71,135.22,116.31,113.82,114.22,113,131.17,131.26,131.26,107.08,103.42,103.42,103.42,103.42,151.13,91.75,117.9
2024/10/31,100.68,92.24,91.76,91.77,92.21,99.85,100.65,105.16,139.28,139.33,140.45,133.11,104.87,128.34,147.98,152.55,139.33,135.29,135.3,135.3,130.87,132.91,105.14,105.14,152.55,91.76,121.21
2024/10/30,101.81,76.9,77.3,78.08,99.38,87.14,100.42,109.13,139.31,117.02,116.97,109.93,100.4,100.58,110.68,109.06,116.86,117.02,117.12,116.32,117.33,100.89,116.03,111.96,139.31,76.9,107.08
2024/10/29,107.71,92.37,92.33,92.07,92.27,92.37,113.39,117.8,139.29,139.33,143.15,138.92,138.71,138.9,139.33,138.92,138.93,138.93,138.7,133.7,133.8,139.26,116.36,116.51,143.15,92.07,125.49
2024/10/28,75.66,75.64,75.64,75.64,76.87,75.64,92.8,132.89,139.32,145.25,137.78,148.3,137.6,148.01,155.57,139.32,137.77,137.77,137.54,133.86,133.86,133.86,116.6,103.96,155.57,75.64,122.79
2024/10/27,85.46,76.89,76.21,76.21,76.21,76.21,77.04,94.15,94.15,101.19,103.58,117.34,133.35,103.31,101.01,101.07,101.12,101.14,101.14,101.14,98.47,94.15,93.92,83.19,133.35,76.21,94.84
2024/10/26,93.31,92.62,77.5,77.5,77.5,77.69,92.8,93.24,93.31,104.72,111.88,133.33,104.17,102.59,101.05,100.07,102.8,102.86,106.82,106.44,106.47,93.31,93.31,93.31,133.33,77.5,97.45
2024/10/25,92.43,92.23,92.23,92.1,92.23,92.43,101.06,101.28,138.32,139.24,160.56,133.16,115.44,139.59,155.39,155.39,150.74,154.88,154.09,132.9,105.94,101.22,101.02,101.05,160.56,92.1,121.9
2024/10/24,92.57,92.37,92.14,91.93,92.05,92.26,102.6,102.82,106.46,138.05,139.33,129.46,128.35,129.12,132.92,135.75,135.75,135.84,135.98,136.08,106.45,106.45,106.46,100.62,139.33,91.93,116.12
2024/10/23,100.23,92.35,92.27,92.19,92.35,100.25,100.25,106.54,139.66,139.61,137.85,139.58,106.51,133.19,139.59,134.74,134.74,139.6,139.33,134.75,133.2,106.56,104.94,105.29,139.66,92.19,119.94
2024/10/22,105.75,105.75,92.4,91.94,92.14,105.75,106.94,106.94,137.72,138.92,148.56,147.17,138.73,147.86,146.83,146.46,138.92,138.89,138.69,133.8,133.72,106.92,99.86,99.86,148.56,91.94,124.78
2024/10/21,94.05,85.16,83.75,85.16,85.16,89.61,105.58,105.7,139.32,139.33,139.33,138.75,138.5,138.74,139.99,139.99,139.99,139.99,138.51,134.19,134,105.63,126.29,105.16,139.99,83.75,122.47
2024/10/20,92.73,92.73,92.07,77.76,79.4,92.21,92.73,92.66,92.73,92.73,92.73,92.52,87.04,92.66,101.22,101.34,109.09,108.58,109.15,109.15,101.7,101.75,100.72,100.72,109.15,77.76,96.62
2024/10/19,100.85,92.95,92.56,85.47,85.64,92.7,93.02,93.02,101.26,110.96,112.04,112.03,110.89,101.75,101.35,101.36,101.36,101.99,139.29,139.29,102.23,99.11,93.02,93.02,139.29,85.47,102.82
2024/10/18,116.77,104.4,104.46,98.74,104.46,104.46,104.77,105.64,141.78,142.24,142.24,142.9,138.17,143.55,143.57,143.57,152.67,141.4,141.66,134.37,139.7,105.58,105.37,105.11,152.67,98.74,126.98
2024/10/17,101.52,92.34,92.29,92.27,92.34,100.76,101.05,125.6,138.75,141.09,141.08,141.05,140.76,141.07,141.07,141.05,141.08,138.69,140.8,140.8,135.86,129.25,105.24,105.24,141.09,92.27,124.86
2024/10/16,100.68,92.35,92.35,92.14,92.35,106.1,106.97,116.76,138.66,138.68,154.49,138.67,133.51,138.67,138.67,138.67,145.28,145.41,145.53,145.3,135.21,125.4,128.3,106.97,154.49,92.14,126.25
2024/10/15,105.26,104.02,104.02,100.48,100.48,104.64,105.11,119.52,139.78,139.64,139.66,139.67,120.39,139.73,140.51,142.64,142.64,142.64,142.64,140.52,140.5,134.93,134.93,129.17,142.64,100.48,128.48
2024/10/14,100.91,92.02,86.58,86.58,86.58,86.58,92.74,105.19,137.39,161.25,140.64,140.63,137.7,140.52,140.57,148.44,150.11,140.62,140.64,137.7,137.16,136.67,130.5,105.28,161.25,86.58,126.37
2024/10/13,103.27,99.54,91.83,83.33,92.33,105.76,108.25,105.25,92.37,92.52,92.52,92.38,92.22,92.45,92.29,92.51,92.51,101.67,105.94,105.95,105.88,103.12,103.12,101.9,108.25,83.33,98.32
2024/10/12,105.62,103.11,103.41,103.44,103.44,103.36,105.62,100.48,100.2,100.24,106.59,106.58,106.44,105.67,100.09,105.82,105.88,106.6,107.29,107.36,107.36,106.72,106.72,106.72,107.36,100.09,104.85
2024/10/11,105.18,105.04,105.08,104.64,105.01,105.49,105.35,106.21,137.96,141.15,141.15,140.95,140.81,141.13,150.58,150.58,140.92,137.96,137.95,134.35,134.35,136.86,126.87,106.13,150.58,104.64,127.74
2024/10/10,102.43,92.04,92.09,77.02,77.02,92.54,95.66,100.75,128.48,140.26,140.25,140.2,134.76,140.23,140.23,140.02,140.09,140.24,140.24,140.02,134.54,129.37,124.12,111.07,140.26,77.02,122.49
2024/10/09,100.32,99.84,99.16,95.03,98,98.76,100.39,100.67,121.48,138.97,138.97,142.14,138.88,138.85,139.4,151.88,138.97,138.75,139.38,139.4,134.6,129.82,127.37,105.51,151.88,95.03,123.77
2024/10/08,105.11,104.26,104.26,103.64,104.03,104.26,104.69,129.58,138.66,138.65,135.45,135.31,122.21,135.07,135.51,140.55,140.55,140.55,140.55,135.53,129.58,128.3,120.43,114.34,140.55,103.64,125.44
2024/10/07,92.47,92.47,92.2,91.96,92.26,92.24,97.64,100.67,160.52,160.52,141.26,141.11,137.92,139.2,139.23,139.16,139.27,139.27,139.06,139.26,138.36,134.48,120.89,114.68,160.52,91.96,126.62
2024/10/06,83.42,79.1,77.26,76.01,76.01,77.73,78.46,76.01,76.01,76.01,92.66,92.89,93.34,101.96,102.02,101.58,101.71,102.03,102.04,102.05,102.05,101.76,93.35,93.25,102.05,76.01,90.59
2024/10/05,100.35,95.45,92.23,84.94,95.28,95.33,98.63,96.09,101.49,101.14,101.25,137.05,100.91,100.9,100.78,100.99,100.91,101.31,105.75,105.75,105.75,105.67,101.73,101.73,137.05,84.94,101.31
2024/10/04,100.68,78.12,78.12,78.12,78.12,78.24,92.72,105.97,123.46,136.94,139.28,136.94,127.13,127.69,130.36,130.36,139.44,139.44,136.94,128.58,105.93,100.96,100.96,100.76,139.44,78.12,114.36
2024/10/03,92.46,92.4,91.88,87.04,91.66,92.4,92.46,101.05,123.06,137.43,140.72,140.08,135.61,135.6,135.61,135.61,129.06,120.8,121.16,106.16,106.16,101.05,101.06,100.64,140.72,87.04,114.12
2024/10/02,105.41,98.22,98.22,98.32,98.32,103.6,105.41,129.24,139.3,152.32,152.32,139.28,137.89,139.25,139.27,141.38,141.38,141.38,144.08,144.08,135.44,128.59,128.3,113.21,152.32,98.22,128.73
2024/10/01,106.02,95.8,95.5,92.19,95.5,95.89,106.03,137.32,137.36,139.92,140.32,140.33,140.16,140.33,140.32,140.33,140.33,139.32,139.92,139.92,137.36,137.32,128.91,107.21,140.33,92.19,126.95
2024/09/30,107.11,92.82,92.5,92.21,92.41,92.73,106.4,106.9,142.73,142.76,145.72,145.7,142.75,149.89,149.89,149.89,149.89,145.7,145.72,142.76,142.5,139.3,141.64,121.75,149.89,92.21,131.12
2024/09/29,106.35,92.55,92.55,92.55,92.33,92.55,92.55,104.13,105.27,107.71,107.71,107.65,107.65,107.65,107.65,116.06,116.06,145.61,146.02,146.22,142.05,116.2,107.71,107.71,146.22,92.33,112.03
2024/09/28,114.2,107.21,107.22,106.77,106.32,107.02,107.22,107.21,107.18,132.33,140.72,139.97,139.77,141.74,152.33,146.93,146.93,146.93,146.94,144.72,144.51,141.38,134.21,107.19,152.33,106.32,129.14
2024/09/27,106.69,106.7,106.7,106.34,106.57,106.72,131.93,156,144.66,144.27,152.82,149.09,144.06,152.2,149.68,147.2,146.84,146.84,146.84,146.84,146.84,144.66,136.64,130.21,156,106.34,137.22
2024/09/26,106.93,106.94,106.53,105.24,106.42,106.86,106.95,156.6,156.46,156.47,156.47,146.71,146.49,146.71,146.7,144.25,144.25,146.82,146.82,144.27,144.27,144.89,139.19,106.95,156.6,105.24,135.7
2024/09/25,107.05,107.43,106.43,106.2,106.17,106.4,107.44,158.06,131.78,144.32,144.58,144.56,144.45,144.58,147.07,147.07,147.07,147.21,147.21,143.8,140.36,133.54,133.66,107.4,158.06,106.17,132.81
2024/09/24,107.11,107.12,105.88,105.54,105.68,106.74,107.14,107.11,145.52,149.38,152.33,149.34,146.78,149.31,149.31,149.31,146.69,146.69,144.81,144.81,144.81,139.96,138.4,107.09,152.33,105.54,133.5
2024/09/23,131.98,106.57,106.57,106.57,106.57,106.57,106.57,141.99,142.65,147.22,147.67,147.58,147.6,153.67,163.31,155.37,154.69,148.4,148.43,147.67,144.76,144.05,142.56,142.65,163.31,106.57,139.5
2024/09/22,137.35,115.03,111.72,111.72,111.72,111.72,113.26,140.39,143.63,143.63,143.63,144.36,144.35,151.56,144.38,152.29,144.38,144.38,144.38,151.01,144.36,143.63,142.04,138.97,152.29,111.72,137.18
2024/09/21,142.31,137.52,137.46,107.06,107.06,107.06,107.05,141.94,147.92,149.8,152.75,150.44,144.99,144.99,144.99,142.94,142.88,142.94,143.92,143.92,142.94,142.77,142.76,142.94,152.75,107.05,138.72
2024/09/20,227.24,145.53,145.53,129.58,132.35,140.2,141.23,146.39,154.69,159.67,159.71,159.35,156.91,159.36,159.71,163.3,163.3,163.3,163.87,159.66,159.5,147.57,147.21,145.74,227.24,129.58,156.19
2024/09/19,107.03,107.03,106.65,106.38,106.38,106.49,107.03,131.15,143.01,147.56,147.99,147.29,147.29,150.24,150.24,198.52,150.24,149.09,148.05,146.64,146.04,145.73,139.49,135.82,198.52,106.38,138.92
2024/09/18,107.51,107.27,106.58,106.58,106.58,106.82,107.51,107.51,115.28,137.29,137.95,140.15,140.05,140.05,140.05,147.45,147.45,147.45,147.45,141.63,141.63,141.16,133,115.28,147.45,106.58,129
2024/09/17,106.76,104.79,99.89,99.89,99.89,99.89,105.06,106.11,107.12,107.13,107.96,107.92,107.92,115.7,115.7,137.89,137.87,141.95,145.82,142.1,142.1,137.85,133,107.96,145.82,99.89,118.55
2024/09/16,114.47,107.54,106.62,106.62,106.56,106.62,107.54,107.54,107.49,107.49,141.41,140.17,140.07,140.07,141.62,147.75,147.75,147.75,147.76,141.63,141.63,137.9,137.3,115.01,147.76,106.56,127.85
2024/09/15,144.99,107.11,107.11,107.11,107.11,107.11,107.11,107.11,137.45,138.39,138.19,140.86,144.27,146.18,146.18,150.01,150.01,150.01,150.4,150.27,147.36,146.45,140.08,138.6,150.4,107.11,134.66
2024/09/14,170.14,143.77,137.95,137.72,134.55,134.55,144.83,144.83,145.15,149.05,149.05,148.84,148.84,151.7,150.34,148.84,148.84,146.91,151.56,148.15,146.74,145.85,142.97,142.55,170.14,134.55,146.57
2024/09/13,144.45,138.08,138.08,138.08,138.08,142.26,144.47,144.47,146.59,151.34,151.34,151.1,145.56,150.21,151.29,149.52,149.52,146.59,146.59,146.59,143.42,142.92,140.26,143.82,151.34,138.08,145.53
2024/09/12,146.28,138.39,138.2,137.35,137.35,138.2,143.14,143.14,145.07,154.38,156.41,156.93,156.93,156.93,161.71,208.06,166.78,156.93,156.93,156.93,150.96,148.1,147.17,143.96,208.06,137.35,153.33
2024/09/11,144.54,141.47,141.49,135.42,134.72,141.5,141.5,145.18,145.78,154.2,156.23,158.84,158.85,155.53,157.21,160.47,160.57,160.04,160.26,160.18,156.15,149.92,145.78,143.09,160.57,134.72,151.46
2024/09/10,144.59,137.23,132.83,129.21,129.08,137.69,138.73,144.63,143.08,149.31,150.31,152.76,152.2,155.37,159.03,173.95,175.23,158.98,156.57,157.02,149.43,148.24,146.26,143.06,175.23,129.08,149.94
2024/09/09,137.22,106.88,106.88,106.88,106.88,106.88,139.97,142.46,146.35,151.19,156.09,156.09,148.71,156.98,160.19,160.19,148.71,148.71,148.73,148.05,146.85,147.35,145.06,141.93,160.19,106.88,142.75
2024/09/08,138.14,129.68,111.89,111.89,111.89,111.89,111.89,115.19,115.19,140.37,140.37,141.35,143.91,141.34,143.19,145.07,145.07,147.97,147.98,151.02,147.98,145.09,143.66,143.65,151.02,111.89,135.58
2024/09/07,140.29,139.33,114.36,112.62,114.13,114.36,144.26,143.65,143.03,148.01,147.96,149.97,147.91,149.49,152.25,151.63,149.24,150.28,150.37,150.28,145.4,144.86,144.81,141.14,152.25,112.62,141.94
2024/09/06,140.07,106.84,106.84,106.84,106.84,106.84,142.39,143.91,146.76,149.69,150.29,151.94,148.6,154.5,156.48,156.48,156.18,149.17,146.76,146.76,146.7,144.36,144.25,144.17,156.48,106.84,141.55
2024/09/05,137.56,106.85,106.85,106.7,106.86,106.86,106.85,142.63,145.3,145.54,145.54,146.2,145.51,150.69,150.69,152.93,152.93,151.92,151.26,151.26,145.33,145.32,145.21,140.15,152.93,106.7,138.86
2024/09/04,107.06,107.07,106.74,106.33,106.07,106.97,134.88,145.44,145.91,148.78,148.75,149.15,148.72,151.11,151.08,150.99,150.91,150.88,148.36,148.36,145.91,144.21,144.21,140.82,151.11,106.07,138.95
2024/09/03,137.5,106.86,106.86,106.57,106.82,106.87,134.71,145.28,145.49,146.07,149.31,147.21,145.67,151,152.12,158.34,152.09,150.28,146.07,146.07,145.85,145.72,140.65,140.44,158.34,106.57,139.8
2024/09/02,106.87,106.86,106.74,106.76,106.74,106.86,106.86,142.34,146.4,222.99,153.58,155.21,150.52,156.87,158.91,162.43,158.91,153.77,150.57,150.56,149.28,147.94,147.94,139.96,222.99,106.74,145.05
2024/09/01,134.03,107.46,107.22,106.78,106.66,106.66,107.07,107.46,119.61,142,142.38,143.88,144.73,144.73,144.73,148.06,148.05,148.04,148.06,148.06,144.74,143.88,142.31,136.22,148.06,106.66,133.66
2024/08/31,146.64,143.85,107.42,107.42,107.43,107.43,107.42,144.45,143.23,141.7,144.32,144.32,148.53,184.68,148.65,148.65,148.66,146.84,148.66,144.32,143.82,143.82,143.74,140.47,184.68,107.42,140
2024/08/30,128.88,106.94,106.4,106.65,106.43,106.94,106.97,142.87,145.49,146.44,149.06,149.05,147.45,149.05,155.78,159.32,153.96,153.22,144.57,144.21,144.21,144.21,143.48,141.6,159.32,106.4,138.9
2024/08/29,128.88,106.76,106.45,106.4,101.44,106.45,107.32,144.29,146.17,147.05,146.97,146.95,146.61,146.91,149.35,148.03,148.03,148.04,147.78,143.3,146.78,143.3,143.07,137.98,149.35,101.44,137.12
2024/08/28,139.43,125.33,106.78,106.76,106.76,125.33,131.15,142.27,144.11,151.88,155.88,155.87,155.44,155.33,155.82,157.43,148.58,147.76,148.58,148.03,144.16,144.15,143.32,141.15,157.43,106.76,142.69
2024/08/27,140.05,136.2,129.24,127.47,127.47,129.07,139.25,141.43,143.99,155.49,158.07,165.58,152.81,155.49,161.26,161.28,154.83,154.65,155.11,154.87,146.46,144,142.04,141.48,165.58,127.47,147.92
2024/08/26,128.98,106.91,106.91,106.62,106.33,106.91,106.93,143.2,143.79,150.12,153.73,155.11,153.73,165.35,176.59,165.24,174.2,159.97,160.35,160.35,152.9,146.03,143.8,141.36,176.59,106.33,145.96
2024/08/25,140.48,107.61,107.61,107.29,107.29,107.4,107.61,143.57,141.87,144.13,144.13,144.13,144.76,149.27,148.25,144.76,144.73,144.74,147.59,144.76,144.77,142.37,142.38,142.22,149.27,107.29,136.3
2024/08/24,140.42,107.41,107.42,107.42,107.42,107.42,107.41,143.22,141.69,142.4,144.66,149.72,149.71,149.71,157.29,149.71,148.07,148.07,148.17,144.62,144.66,143.69,143.62,143.39,157.29,107.41,137.8
2024/08/23,137.43,136.34,136.34,125.89,124.05,135.61,135.75,141.34,144.05,151.61,153.11,153.09,152.2,153.33,153.33,164.82,164.81,149.36,147.96,147.96,146.83,144.46,142.98,139.65,164.82,124.05,146.23
2024/08/22,143.3,136.96,138.07,129.07,129.07,138.73,140.77,141.18,146.13,152.51,157.69,157.69,157.69,157.64,158.72,158.72,158.72,157.64,156.38,156.16,149.7,145.44,143.64,141.62,158.72,129.07,149.24
2024/08/21,143.3,138.11,135.8,128.99,134.42,138.35,140.1,140.75,146.38,156.11,183.92,187.83,179.68,185.96,183.62,178.68,155.91,155.6,157.46,155.07,153.16,146.48,143.68,141.05,187.83,128.99,156.62
2024/08/20,142.76,139.19,136.82,136.82,136.82,139.19,139.19,141.52,146.29,154.91,157.01,191.98,179.46,188.43,188.43,199.74,179.46,179.16,156.24,156.28,154.96,146.17,143.8,141.88,199.74,136.82,159.76
2024/08/19,135.76,135.76,106.85,106.85,106.85,106.85,133.93,144.8,144.01,151.07,156.25,156.26,153.73,197.62,194.26,172.57,172.57,156.21,156.9,156.87,153.26,146.23,145.07,141.25,197.62,106.85,150.47
2024/08/18,140.18,143,135.88,107.57,107.55,107.55,107.57,143.37,141.53,144.86,146.23,146.35,146.71,148.94,146.72,153.25,152.1,152,153.04,153.09,141.6,145.13,145.13,140.72,153.25,107.55,140.72
2024/08/17,140.83,137.15,137.16,130.46,125,129.13,130.46,142.59,141.95,143.88,149.06,149.61,149.6,197.4,159.8,156.79,148.46,146.68,146.73,146.79,147.94,144.97,144.92,140.42,197.4,125,146.04
2024/08/16,139.87,136.13,136.13,129.36,124.13,129.55,141.21,144.3,143.78,150.77,152.9,152.89,152.85,156.96,157.57,157.57,157.57,156.71,157.77,157.77,146.31,146.05,143.78,142.36,157.77,124.13,147.72
2024/08/15,146.55,138.34,138.44,138.44,138.44,139,139.52,141.71,146.16,145.98,146.83,146.98,147.19,148.19,159.03,159.03,159.02,147.66,154.85,147.59,147.64,145.64,144.31,141.92,159.03,138.34,146.65
2024/08/14,146.97,137.16,138.34,137.16,124.46,137.16,139.65,140.88,146.27,152.27,153.17,154.84,154.17,160.88,160.92,160.91,159.06,159.06,159.08,154.93,152.55,146.18,143.75,141.49,160.92,124.46,149.66
2024/08/13,144.6,138.84,139.26,138.85,125.21,138.88,139.26,141.26,143.82,154.7,155.03,154.52,154.52,162.32,162.29,162.29,157.52,157.52,157.53,155.29,153.13,198.88,143.83,141.84,198.88,125.21,152.18
2024/08/12,137.52,135.54,127.64,121.34,106.91,125.1,135.41,143.64,144.1,149.8,154.23,154.26,152.68,158.24,158.25,199.25,158.29,155.33,158.61,158.61,146.39,145.96,144.13,141.65,199.25,106.91,148.62
2024/08/11,140.39,129.99,107.69,107.4,107.4,107.69,107.69,138.62,139.96,142.72,144.72,142.72,145.53,146.52,145.53,145.53,146.52,151.94,152.44,152.46,151.94,145.53,143.06,141.97,152.46,107.4,138.36
2024/08/10,150.53,138.42,130.52,129.42,125.07,130.64,139.03,143.55,142.01,142.01,149.21,149.19,149.19,150.73,150.69,150.08,149.33,147.55,149.62,149.07,144.23,143.55,141.9,141.94,150.73,125.07,143.75
2024/08/09,137.35,136.13,129.61,126.07,125.71,135.13,135.81,142.14,147.67,150.46,153.78,153.68,153.39,156.25,164.42,198.92,164.41,154.67,150.27,147.13,147.13,144.19,144.15,142.21,198.92,125.71,149.06
2024/08/08,139.35,135.68,126.34,124.57,124.75,129.79,135.8,141.91,145.64,153.16,156.43,159.71,159.69,179.82,159.73,154.68,154.66,157.51,157.51,157.51,147.86,144.75,143.84,141.63,179.82,124.57,148.91
2024/08/07,137.37,135.46,124.82,124.62,124.62,128.38,135.8,141.31,146.07,149.61,155.91,160.07,155.57,161.91,161.86,157.81,158.47,156.13,155.06,155.06,148.06,145.94,143.76,141.26,161.91,124.62,147.66
2024/08/06,142.76,135.79,135.14,127.77,128.9,129.37,141.6,141.6,145.74,154.58,152.59,156.48,152.44,195.73,188.78,199.39,156.12,156.78,155.2,154.23,148.21,145.1,143.73,141.13,199.39,127.77,153.32
2024/08/05,128.98,106.85,106.85,106.85,106.74,106.85,139.48,143.51,145.27,151.49,151.5,153.94,153.95,158.64,183.24,198.91,158.51,153.66,153.66,153.65,146.84,146.02,143.85,139.47,198.91,106.74,146.46
2024/08/04,140.71,138.69,107.69,107.43,107.08,107.08,107.66,142.37,141.59,141.59,148,147.01,149.26,149.09,149.09,145.77,142.97,145.75,145.77,145.77,144.13,141.85,141.85,141.81,149.26,107.08,137.83
2024/08/03,141.23,107.54,107.54,107.3,107.07,107.54,107.54,142.14,147.92,146.82,146.7,149.03,149.73,156.18,156.17,158.9,155.78,149.69,150.24,150.39,149.56,146.32,145.42,140.98,158.9,107.07,140.77
2024/08/02,144.37,129.99,127.85,106.79,126.45,129.99,141.35,141.76,146.58,147.44,152.55,154.15,154.1,155.7,155.7,154.68,154.68,147.47,146.58,148.39,148.08,143.87,143.88,141.93,155.7,106.79,144.66
2024/08/01,145.62,106.8,106.8,106.78,106.78,106.8,106.8,138.76,142.62,146.27,148.31,148.27,147.12,148.23,148.23,147.76,147.1,147.94,147.04,153.23,147.44,144.45,142.59,142.35,153.23,106.78,138.22
2024/07/31,124.16,109.89,101.52,101.52,101.52,101.52,120.88,134.16,137.99,140.33,142.35,143.33,143.29,150.56,150.52,148.64,153.5,141.77,140.35,143.03,142.75,137.96,137.96,132.74,153.5,101.52,134.37
2024/07/30,125.01,100.02,95.3,95.3,95.3,95.3,100.57,118.52,138.16,140.78,143.59,144.2,142.62,142.94,152.31,150.74,152.23,141.96,141.99,142,141.66,138.46,138,133.29,152.31,95.3,131.9
2024/07/29,124.19,100.23,95.3,95.3,95.3,95.3,100.58,121.12,135.31,138.55,138.58,138.58,139.02,144.99,139.02,146.14,147.19,157.62,143.54,143.6,142.46,154.77,138.14,133.03,157.62,95.3,131.92
2024/07/28,124.53,101.06,100.74,95.2,95.2,96.06,96.06,101.56,127.22,181.23,139.21,179.24,139.53,139.15,139.79,141.66,141.53,141.68,147.91,147.89,181.45,143.14,134.11,118.97,181.45,95.2,133.1
2024/07/27,136.39,120.05,115.19,102.03,102.03,102.03,104.88,104.88,136.79,139.53,145.42,147.48,151.85,151.85,150.07,145.03,139.5,139.48,139.51,141.9,141.9,139.32,135.52,135.52,151.85,102.03,133.3
2024/07/26,125.12,101.83,100.74,100.95,100.95,100.95,120.34,132.8,139.02,139.02,149.79,155.53,149.79,174.79,208.9,208.9,153.63,150.97,147.53,141.32,140.2,139.02,138.01,134.72,208.9,100.74,143.25
2024/07/25,130.73,103.77,100.11,100.11,100.42,100.42,120.65,134.17,137.99,141.76,143.71,154.2,142.32,154.95,156.38,143.62,141.76,141.76,142.45,142.26,140.54,138.59,137.91,133.36,156.38,100.11,134.78
2024/07/24,124.26,103.7,99.86,99.86,99.86,99.86,120.62,133.67,139.02,150.42,144.29,152.21,142.16,143.74,149.59,145.48,144.29,150.83,150.91,150.88,142.95,139.03,137.85,134.72,152.21,99.86,135.76
2024/07/23,130.82,110.1,100.95,99.75,99.75,100.95,127.44,132.25,137.77,146.42,148.52,149.43,144.65,150.88,151.19,179.13,150.93,146.33,141.2,137.77,140.24,136.29,136.28,136.23,179.13,99.75,137.1
2024/07/22,100.41,100.49,99.25,95.22,95.22,100.38,100.38,133.96,138.28,142.07,143.84,144.4,142.68,144.4,144.72,144.32,144.4,139.15,138.31,138.31,137.74,136.95,136.95,136.83,144.72,95.22,131.19
2024/07/21,101.39,100.65,99.9,95.71,95.64,95.71,101.28,101.39,132.91,183.78,138.24,138.27,138.27,142.6,144.56,142.97,141.35,141.99,141.6,141.65,141.35,154.34,134.52,114.5,183.78,95.64,129.25
2024/07/20,124.93,100.97,100.33,99.58,95.57,99.8,100.97,104.6,136.25,137.59,143.29,143.33,143.24,147.15,147.15,143.19,137.56,138.02,138.07,138.07,137.56,137.56,135.7,134.57,147.15,95.57,129.12
2024/07/19,134.55,112.33,100.52,100.52,100.52,101.46,133.79,139.5,138.05,141.6,180.33,152.41,141.85,154.25,154.3,154.43,144.78,141.67,144.88,144.74,138.75,138.52,136.39,136.42,180.33,100.52,138.25
2024/07/18,132.94,112.47,103.29,100.14,100.14,103.44,136.42,138.51,137.84,141.38,141.47,141.48,141.86,141.86,141.85,141.82,141.3,140.58,140.52,140.3,137.84,136.35,136.03,136.03,141.86,100.14,133.49
2024/07/17,124.05,107.5,99.86,99.4,99.4,99.71,103.29,138.35,137.68,141.81,141.81,142.14,140.3,142.1,142.8,142.8,141.78,141.78,140.23,139.3,140.16,136.62,134.3,134.3,142.8,99.4,131.45
2024/07/16,124.19,103.5,99.41,99.41,99.41,99.41,103.5,132.24,138.4,142.12,143.7,151.02,142.91,143.94,143.35,142.91,143.7,142.91,138.38,138.39,138.39,135.81,133.68,132.47,151.02,99.41,131.76
2024/07/15,100.77,95.22,95.22,95.22,95.22,95.22,100.77,104.56,137.22,146.39,139.43,147.09,139.02,146.92,180.14,147.6,146.37,139.43,138.99,139,137.22,135.53,133.69,120.01,180.14,95.22,130.78
2024/07/14,101.49,100.57,100.62,95.65,95.75,95.75,100.62,101.08,101.34,104.71,119.41,135.04,135,138.25,138.25,138.25,138.25,138.25,138.25,150.43,154.6,135.52,135.52,121.24,154.6,95.65,123.13
2024/07/13,124.87,105.29,101.18,101.18,101.18,101.18,101.18,106.05,138.09,138,139.27,157.14,139.23,144.79,144.82,144.82,139.25,139.28,138.1,138.1,138.1,137.09,135.36,120.18,157.14,101.18,129.12
2024/07/12,124.19,99.95,99.65,99.51,99.51,99.92,104.59,131.85,137.05,140.97,141.54,141.52,140.56,141.51,151.24,151.24,141.51,141.2,139.89,139.28,138.06,135.06,133.69,132.52,151.24,99.51,131.24
2024/07/11,100.47,100.17,94.93,95.07,95.07,99.9,105.04,132.21,138.23,143.14,142.93,143.12,140.96,142.99,142.87,154.98,142.87,141.95,138.23,138.23,137.14,135.91,132.62,132.55,154.98,94.93,130.18
2024/07/10,124.19,99.99,99.52,99.46,99.46,99.52,138.81,135.89,136.36,144.47,144.47,144.47,138.53,144.47,144.47,145.26,146.05,145.65,143.19,143.19,138.51,136.36,136.37,136.35,146.05,99.46,133.78
2024/07/09,124.19,100.14,99.33,99.29,99.14,99.87,124.18,135.87,138.35,139.73,147.51,138.36,138.32,147.47,148.02,151.09,150.92,150.92,152.19,138.36,151.6,136.39,133.17,133.31,152.19,99.14,134.6
2024/07/08,145.99,99.86,99.5,95.14,99.5,99.86,103.58,132.21,138.21,145.7,139.53,146.2,138.26,146.2,159.22,159.22,187.56,139.3,138.99,138.34,138.41,136,133.82,132.76,187.56,95.14,135.96
2024/07/07,124.96,101.4,95.43,95.43,95.43,95.43,95.43,101.42,104.74,136.89,136.88,140.6,140.6,138.47,136.88,136.88,136.88,136.88,136.88,152.64,152.86,136.47,136.47,115.67,152.86,95.43,125.64
2024/07/06,135.42,124.67,104.81,100.89,100.89,100.89,102.27,134,134,133.99,138.82,139.32,137.77,138.36,139.06,138.48,139.09,139.32,139.22,138.7,146.74,153.91,134,133.79,153.91,100.89,131.15
2024/07/05,124.19,103.83,99.25,99.25,99.25,99.25,120.82,140.12,137.55,141.51,142,142.57,140.81,141.86,142.56,142.56,141.34,140.17,137.45,137.23,137.42,134.33,134.33,134.32,142.57,99.25,131.28
2024/07/04,105.58,95.99,94.83,94.83,94.01,94.83,105.06,132.04,136.77,143.38,142.86,143,141.63,143.36,143.36,143.1,142.13,138.1,138.1,138.1,136.77,133.58,134.89,117.98,143.38,94.01,128.74
2024/07/03,124.19,95.96,94.97,92.73,93.27,95.79,96.15,133.21,136.82,142.42,143.16,142.52,137.25,140.91,140.94,140.93,149.26,141.18,136.81,136.82,136.82,133.43,134.87,133.14,149.26,92.73,129.1
2024/07/02,124.19,107.51,107.46,99.01,107.31,107.51,107.5,133.15,141.26,144.82,143.59,143.96,143.09,143.89,157.92,143.09,143.66,143.09,138.48,138.48,136.99,133.15,133.57,133.04,157.92,99.01,133.31
2024/07/01,108.35,95.29,95.29,95.29,95.29,95.29,108.35,132.39,142.42,145.45,144.5,144.42,138.61,144.5,146.98,150.42,147.19,139.98,139.98,139.99,138.61,136.44,136.44,136.41,150.42,95.29,131.95
2024/06/30,110.78,95.84,92.28,92.28,91.12,86.83,92.28,95.82,124.55,131.27,132.05,137.12,132.12,132.1,138.81,132.04,132.06,139.42,139.42,139.42,149.77,137.25,130.37,110.94,149.77,86.83,122.03
2024/06/29,123.06,97.95,95.16,94.54,93.8,92.31,93.48,102.52,137.05,136.8,137.55,137.74,140.55,137.7,138.68,136.31,137.64,134.24,134.23,134.25,133.5,133.49,132.7,132.03,140.55,92.31,124.71
2024/06/28,119.93,95.5,95.5,92.59,91.44,91.64,99.38,117.1,133.68,136.28,136.27,138.74,138.73,140.19,148.93,146.91,138.7,138.67,136.28,134.66,134.7,131.43,131.43,129.85,148.93,91.44,126.96
2024/06/27,119.93,95.62,94.18,92.88,91.77,94.81,99.51,118.46,130.66,132.68,132.68,135.16,135.16,138.03,144.89,143.59,142.61,138.02,138,137.98,132.68,132.67,124.02,113.67,144.89,91.77,125.41
2024/06/26,97.51,92.91,92.02,88.77,88.79,88.83,94.73,102.39,131.17,132.96,134.84,134.84,134.69,138.13,139.79,139.79,141.37,139.74,138.09,134.82,138.09,131.28,131.09,130.47,141.37,88.77,123.62
2024/06/25,169.24,108.99,101.26,98.99,99.12,99.16,101.4,131.4,133.12,136.91,138.46,138.45,137.5,139.13,186.27,158.95,185.09,144.77,138.24,136.81,135.15,133.12,133.13,133.1,186.27,98.99,136.07
2024/06/24,95.47,92.94,90.66,88.6,88.76,93.82,95.31,117.53,137.42,138.34,139.02,139.22,137.74,146.91,185.72,145.19,138.37,137.34,134.84,134.8,131.68,130.58,130.58,115.74,185.72,88.6,127.68
2024/06/23,98.02,93.85,93.97,93.11,92.89,93.91,95.19,99.15,102.03,122,125.28,131.08,131.08,131.08,131.08,131.08,134.1,134.1,133.12,133.21,141.77,142.09,124.1,109.87,142.09,92.89,118.51
2024/06/22,123.12,120.73,98.4,98.4,98.4,98.5,98.4,102.07,121.71,133.94,133.94,139.48,137.97,146.37,146.4,138.45,137.68,133.93,138.1,137.64,138.02,131.8,124.58,110.73,146.4,98.4,125.63
2024/06/21,122.56,109.44,98.98,99.27,99.27,101.63,117.27,132.72,136.13,137.87,139.65,145.16,139.15,167.06,176.97,153.75,143.57,137.86,136.13,134.64,136.11,133.07,131.11,130.06,176.97,98.98,133.63
2024/06/20,117.55,98.42,98.42,98.52,98.52,98.52,98.52,134.41,138.93,138.6,138.43,140.13,135.16,138.32,145.12,143.64,143.64,143.39,138.32,138.27,134.41,134.78,134.78,130.68,145.12,98.42,129.18
2024/06/19,123.38,101.98,97.45,97.45,97.45,101.44,102.27,135.44,135.36,137.71,139.26,140.29,138.14,140.27,140.68,140.36,141.51,139.3,138.33,134.85,134.62,134.69,134.58,128.34,141.51,97.45,128.96
2024/06/18,120.06,99.81,99.81,98.23,98.08,98.23,132.64,133.72,134.48,138.33,175.21,139.94,138.25,140.58,152.47,152.45,176.09,175.33,136.46,134.37,134.37,134.87,132.64,130.28,176.09,98.08,135.69
2024/06/17,97.58,93.92,93.85,93.85,93.85,93.85,96.7,102.25,136.45,138.64,175.44,175.8,136.44,140.9,144.19,153.89,153.85,143.29,136.44,134.8,133.73,130.01,130.92,130.8,175.8,93.85,130.52
2024/06/16,97.91,96.95,95.15,87.41,87.41,95.1,95.16,95.23,95.22,96.79,99.5,118.8,117.2,139.04,120.11,125.61,139.3,138.72,135.12,135.12,138.92,125.68,116.97,99.86,139.3,87.41,113.32
2024/06/15,132.62,98.38,97.18,94.59,94.59,94.59,94.59,96.37,114.36,138.07,138.08,138.08,138.05,138.05,146.21,135.44,135.36,135.37,129.73,131.1,131.1,112.39,105.51,98.87,146.21,94.59,120.44
2024/06/14,136.8,115.54,108.96,102.48,102.48,102.48,102.48,130.3,135.48,139.04,147.79,140.87,138.99,148.44,150.06,148.43,140.09,138.49,137.06,139.98,137.06,147.65,135.45,132.37,150.06,102.48,133.02
2024/06/13,123.5,115.93,108.71,97.69,97.69,98.33,101.68,134.79,135.52,135.51,139.01,139.29,137.25,139.28,150.33,140.37,140.37,138.73,140.37,141.08,139.55,136.58,132.7,132.67,150.33,97.69,130.53
2024/06/12,135.43,135.38,111.56,111.56,111.56,108.88,123.92,123.92,133.44,136.79,139.33,139.11,136.79,139.29,139.31,143.97,143.97,144.34,144.79,144.79,137.04,143.87,135.5,133.44,144.79,108.88,134.29
2024/06/11,116.05,109,107.84,88.71,88.71,88.71,107.84,126.19,132.73,139.71,140.09,140.09,134.41,140.05,139.57,139.79,138.07,138.07,145.36,138.09,138.25,138.07,136.32,132.86,145.36,88.71,128.48
2024/06/10,108.29,92.67,91.48,80.89,80.89,91.57,108.23,114.34,138.14,139.69,141.14,139.69,134.18,141.92,143.08,143.08,142.16,141.16,134.86,133.03,132.99,132.96,132.41,130.81,143.08,80.89,125.96
2024/06/09,98.85,87.57,87.57,81.77,83.03,81.76,81.76,84.81,97.4,104.34,120.74,145.66,120.16,120.16,120.16,116.86,120.16,120.79,120.73,139.75,152.67,135.04,110.95,100.39,152.67,81.76,110.78
2024/06/08,137.83,135.78,114.67,98.73,98.73,98.73,108.67,98.73,126.39,126.39,140.91,142.39,140.46,126.39,136.14,136.1,136.11,136.11,136.11,140.45,136.31,136.14,136.14,136.13,142.39,98.73,128.05
2024/06/07,117.55,95.83,95.82,89.39,89.39,96.55,108.29,114.28,136.7,142.76,137.51,137.07,136.59,143.94,144.09,137.79,137.79,138.58,134.82,134.82,134.82,134.77,131.86,131.9,144.09,89.39,126.41
2024/06/06,135,132.58,132.53,112.35,132.52,109.49,110.54,109.49,133.24,134.22,138.87,138.91,138.89,142.79,142.78,139.25,138.44,138.39,138.47,138.92,139.2,138.5,138.25,133.34,142.79,109.49,133.13
2024/06/05,122.6,112.51,111.54,105.41,105.41,105.41,117.54,131.57,136.53,142.27,142.59,136.85,129.98,136.75,142.15,142.18,146.39,138.83,138.83,138.84,138.84,138.64,138.73,132.47,146.39,105.41,131.39
2024/06/04,112.69,109.67,111.25,110.09,111.38,109.67,112.47,110.45,134.34,138.69,169.16,138.63,138.27,138.59,138.59,138.6,147.03,136.9,135.76,135.79,135.8,135.77,133.02,133.25,169.16,109.67,130.72
2024/06/03,87.32,90.06,80.89,80.89,80.89,87.32,97.58,110.53,136.74,139.78,151.14,135.55,132.78,135.82,140.62,136.56,150.63,134.59,134.59,134.94,135.13,134.71,132.47,123.12,151.14,80.89,123.42
2024/06/02,88.88,81.26,81.2,81.2,87.57,91.24,87.57,78.27,40.16,87.57,88.51,94.68,100.08,110.57,104.08,104.08,109.83,110.94,103.6,104.78,110.85,104.2,103.36,100.08,110.94,40.16,94.87
2024/06/01,100.33,93.74,90.02,86.94,90.24,90.24,90.24,94.29,107.7,145.67,143.72,118.73,144.14,120.85,106.06,105.91,110.73,110.45,122.45,124.3,125.6,103.74,103.74,100.42,145.67,86.94,109.51
